ID,Tipo,SKU,Nombre,Publicado(0/1),¿Está destacado?,Visibilidad en el catálogo,Descripción corta,Descripción,Estado del impuesto,Clase de impuesto,¿En inventario? (0/1),Inventario ,Peso (kg),Longitud (cm),Anchura (cm),Altura (cm),Precio rebajado,Precio normal,Categorías,Etiquetas,Clase de envío,Imágenes,Swatches Attributes,Nombre del atributo 1,Valor(es) del atributo talla,Atributo visible talla,Atributo global talla,Atributo por defecto talla,Nombre del atributo 2,Valor(es) del atributo talla,Atributo visible talla,Atributo global talla,Atributo por defecto talla
10005,variable,,TROPELREA PLATEADA,1,,visible,,Tropelera en vioto delgado (84% pol.-16% alg.) con sublimacion en frente y cuello tejido.,taxable,parent,1,,,,,,,,TOPS Y CAMISETAS,,,11005F2 ,,Talla,"S,M,L",1,,M,color,GRIS,1,,
10005S,variation,,TROPELREA PLATEADA - S,1,,visible,,,taxable,parent,1,2,,,,,25000,50000,TOPS Y CAMISETAS,,,11005F2,,Talla,S,,,,color,GRIS,,,
10005M,variation,,TROPELREA PLATEADA - M,1,,visible,,,taxable,parent,0,0,,,,,25000,50000,TOPS Y CAMISETAS,,,11005C,,Talla,M,,,,color,GRIS,,,
10005L,variation,,TROPELREA PLATEADA - L,1,,visible,,,taxable,parent,1,1,,,,,25000,50000,TOPS Y CAMISETAS,,,11005FP,,Talla,L,,,,color,GRIS,,,
16009,variable,,PANTALONETA RAYAS,1,,visible,,"Pantaloneta en perchado (84% pol.-16% alg.) con corte en costado en estampación textil, cordon plano contramarcado POLEMIK.",taxable,parent,1,,,,,,,,SHORT Y PANTALON,,,16009D,,Talla,"S,M,L",1,,M,color,BEIGE,,,
16009S,variation,,PANTALONETA RAYAS - S,1,,visible,,,taxable,parent,1,3,,,,,30000,55000,SHORT Y PANTALON,,, 16009P,,Talla,S,,,,color,BEIGE,,,
16009M,variation,,PANTALONETA RAYAS - M,1,,visible,,,taxable,parent,0,0,,,,,30000,55000,SHORT Y PANTALON,,,16009P,,Talla,M,,,,color,BEIGE,,,
16009L,variation,,PANTALONETA RAYAS - L,1,,visible,,,taxable,parent,0,0,,,,,30000,55000,SHORT Y PANTALON,,,16009P,,Talla,L,,,,color,BEIGE,,,
16010,variable,,SHORT ÍNDIGO,1,,visible,,"Short en índigo estilo vintage, estampación textil en frente izquierdo, ruedo con guardapolvo rústico.",taxable,parent,1,,,,,,45000,70000,SHORT Y PANTALON,,,16010,,Talla,"S,M,L",1,,M,color,ÍNDIGO,1,,
16010S,variation,,SHORT ÍNDIGO - S,1,,visible,,,taxable,parent,0,0,,,,,45000,70000,SHORT Y PANTALON,,, 16010OP,,Talla,S,,,,color,ÍNDIGO,,,
16010M,variation,,SHORT ÍNDIGO  - M,1,,visible,,,taxable,parent,,1,,,,,45000,70000,SHORT Y PANTALON,,, 16010CD,,Talla,M,,,,color,ÍNDIGO,,,
16010L,variation,,SHORT ÍNDIGO - L,1,,visible,,,taxable,parent,0,0,,,,,45000,70000,SHORT Y PANTALON,,,16010CP,,Talla,L,,,,color,ÍNDIGO,,,
11013,variable,,CROP CORTE EN MAYA,1,,visible,,"Crop en algodón (90% -10% ), con corte en frente en maya piel y estampación textil en frente.",taxable,parent,1,,,,,,,,TOPS Y CAMISETAS,,,11013F/ 11013F2/ 11013C,,Talla,"S,M,L",1,,M,color,ROSA,1,,
11013S,variation,,CROP CORTE EN MAYA - S,1,,visible,,,taxable,parent,0,0,,,,,25000,50000,TOPS Y CAMISETAS,,,11013F/ 11013F2/ 11013C,,Talla,S,,,,color,ROSA,,,
11013M,variation,,CROP CORTE EN MAYA - M,1,,visible,,,taxable,parent,0,0,,,,,25000,50000,TOPS Y CAMISETAS,,,11013F/ 11013F2/ 11013C,,Talla,M,,,,color,ROSA,,,
11013L,variation,,CROP CORTE EN MAYA - L,1,,visible,,,taxable,parent,1,2,,,,,25000,50000,TOPS Y CAMISETAS,,,11013F/ 11013F2/ 11013C,,Talla,L,,,,color,ROSA,,,
11012,variable,,CROP ALGODON AUTENTICA,1,,visible,,Crop en algodón (90% -10% ) y estampación textil en frente.,taxable,parent,1,,,,,,,,TOPS Y CAMISETAS,,,11012F/ 11012F2/11012C,,Talla,"S,M,L",1,,M,color,VERDE,1,,
11012S,variation,,CROP ALGODON AUTENTICA - S,1,,visible,,,taxable,parent,1,2,,,,,25000,30000,TOPS Y CAMISETAS,,,11012F/ 11012F2/11012C,,Talla,S,,,,color,VERDE,,,
11012M,variation,,CROP ALGODON AUTENTICA - M,1,,visible,,,taxable,parent,1,2,,,,,25000,30000,TOPS Y CAMISETAS,,,11012F/ 11012F2/11012C,,Talla,M,,,,color,VERDE,,,
11012L,variation,,CROP ALGODON AUTENTICA - L,1,,visible,,,taxable,parent,1,1,,,,,25000,30000,TOPS Y CAMISETAS,,,11012F/ 11012F2/11012C,,Talla,L,,,,color,VERDE,,,
12005,variable,,CROP RIB CON FAJÓN,1,,visible,,Crop en rib y fajón en material tejido en contraste de color,taxable,parent,1,,,,,,,,TOPS Y CAMISETAS,,,12005C/ 12005F/ 12005F2,,Talla,"S,M,L",1,,M,color,"ROJO, AZUL",1,,
12005SR,variation,,CROP RIB CON FAJÓN ROJO - S,1,,visible,,,taxable,parent,1,1,,,,,30000,55000,TOPS Y CAMISETAS,,,12005C/ 12005F/ 12005F2,,Talla,S,,,,color,ROJO,,,
12005MR,variation,,CROP RIB CON FAJÓN ROJO - M,1,,visible,,,taxable,parent,0,0,,,,,30000,55000,TOPS Y CAMISETAS,,,12005C/ 12005F/ 12005F2,,Talla,M,,,,color,ROJO,,,
12005LR,variation,,CROP RIB CON FAJÓN ROJO - L,1,,visible,,,taxable,parent,0,0,,,,,30000,55000,TOPS Y CAMISETAS,,,12005C/ 12005F/ 12005F2,,Talla,L,,,,color,ROJO,,,
12005SA,variation,,CROP RIB CON FAJÓN AZUL - S,1,,visible,,,taxable,parent,0,0,,,,,30000,55000,TOPS Y CAMISETAS,,,12005C/ 12005F/ 12005F2,,Talla,S,,,,color,AZUL,,,
12005MA,variation,,CROP RIB CON FAJÓN AZUL - M,1,,visible,,,taxable,parent,1,2,,,,,30000,55000,TOPS Y CAMISETAS,,,12005C/ 12005F/ 12005F2,,Talla,M,,,,color,AZUL,,,
12005LA,variation,,CROP RIB CON FAJÓN AZUL - L,1,,visible,,,taxable,parent,1,3,,,,,30000,55000,TOPS Y CAMISETAS,,,12005C/ 12005F/ 12005F2,,Talla,L,,,,color,AZUL,,,
11015,variable,,CROP CUELLO BANDEJA- MANGA LARGA,1,,visible,,"Crop cuello mandeja, manga larga en Lycra (100% poliester) y estampación en alta densidad en frente.",taxable,parent,1,,,,,,,,TOPS Y CAMISETAS,,,11015F/ 11015F2/ 11015C/ 11015FP,,Talla,"S,M,L",1,,M,color,LILA,1,,
11015S,variation,,CROP CUELLO BANDEJA- MANGA LARGA - S,1,,visible,,,taxable,parent,1,2,,,,,25000,50000,TOPS Y CAMISETAS,,,11015F/ 11015F2/ 11015C/ 11015FP,,Talla,S,,,,color,LILA,,,
11015M,variation,,CROP CUELLO BANDEJA- MANGA LARGA - M,1,,visible,,,taxable,parent,1,2,,,,,25000,50000,TOPS Y CAMISETAS,,,11015F/ 11015F2/ 11015C/ 11015FP,,Talla,M,,,,color,LILA,,,
11015L,variation,,CROP CUELLO BANDEJA- MANGA LARGA - L,1,,visible,,,taxable,parent,1,1,,,,,25000,50000,TOPS Y CAMISETAS,,,11015F/ 11015F2/ 11015C/ 11015FP,,Talla,L,,,,color,LILA,,,
14009,variable,,VESTIDO BURDA RECOGIDO A LOS COSTADOS,1,,visible,,"Vestido en burda con recogido graduable en costados,  estampación textil en sentido vertical en todo el frente",taxable,parent,1,,,,,,,,VESTIDOS,,,14009F/ 14009F2/ 14009F3,,Talla,"S,M,L",1,,M,color,GRIS,1,,
14009S,variation,,VESTIDO BURDA RECOGIDO A LOS COSTADOS - S,1,,visible,,,taxable,parent,0,0,,,,,35000,70000,VESTIDOS,,,14009F/ 14009F2/ 14009F3,,Talla,S,,,,color,GRIS,,,
14009M,variation,,VESTIDO BURDA RECOGIDO A LOS COSTADOS - M ,1,,visible,,,taxable,parent,0,0,,,,,35000,70000,VESTIDOS,,,14009F/ 14009F2/ 14009F3,,Talla,M,,,,color,GRIS,,,
14009L,variation,,VESTIDO BURDA RECOGIDO A LOS COSTADOS - L,1,,visible,,,taxable,parent,1,2,,,,,35000,70000,VESTIDOS,,,14009F/ 14009F2/ 14009F3,,Talla,L,,,,color,GRIS,,,
18002,variable,,PANTALÓN CARGO MILITAR,1,,visible,,"Pantalòn cargo en drill strech, bolsillos con correa en reata y bolsillos en costado, con correas ajustables en botas.",taxable,parent,1,,,,,,,,SHORT Y PANTALON,,,18002C/ 18002FP/ 18002P,,Talla,"S,M,L",1,,M,color,VERDE MILITAR,1,,
18002S,variation,,PANTALÓN CARGO MILITAR - S,1,,visible,,,taxable,parent,1,7,,,,,70000,95000,SHORT Y PANTALON,,,18002C/ 18002FP/ 18002P,,Talla,S,,,,color,VERDE MILITAR,,,
18002M,variation,,PANTALÓN CARGO MILITAR - M,1,,visible,,,taxable,parent,0,0,,,,,70000,95000,SHORT Y PANTALON,,,18002C/ 18002FP/ 18002P,,Talla,M,,,,color,VERDE MILITAR,,,
18002L,variation,,PANTALÓN CARGO MILITAR - L,1,,visible,,,taxable,parent,0,0,,,,,70000,95000,SHORT Y PANTALON,,,18002C/ 18002FP/ 18002P,,Talla,L,,,,color,VERDE MILITAR,,,
12006,variable,,CROP SULBIMADO CUELLO ALTO,1,,visible,,"Crop en lycra (100% poli.) cuello alto, sublimado en su totalidad.",taxable,parent,1,,,,,,,,TOPS Y CAMISETAS,,,12006F/ 12006C/ 12006FP,,Talla,"S,M,L",1,,M,color,VERDE,1,,
12006S,variation,,CROP SULBIMADO CUELLO ALTO - S,1,,visible,,,taxable,parent,1,6,,,,,,55000,TOPS Y CAMISETAS,,,12006F/ 12006C/ 12006FP,,Talla,S,,,,color,VERDE,,,
12006M,variation,,CROP SULBIMADO CUELLO ALTO - M,1,,visible,,,taxable,parent,1,4,,,,,,55000,TOPS Y CAMISETAS,,,12006F/ 12006C/ 12006FP,,Talla,M,,,,color,VERDE,,,
12006L,variation,,CROP SULBIMADO CUELLO ALTO - L,1,,visible,,,taxable,parent,1,4,,,,,,55000,TOPS Y CAMISETAS,,,12006F/ 12006C/ 12006FP,,Talla,L,,,,color,VERDE,,,
17003,variable,,OVEROL EN DRILL STRECH CON BOLSILLOS EN COSTADOS,1,,visible,,"Overol en dril strech (59%alg. 37%pol. 4%spa.) con bolsilos en costado y tapa en frente, cordon de ajuste y cinturo y botas en tejido.",taxable,parent,1,,,,,,,,SHORT Y PANTALON,,,17003F/ 17003C,,Talla,"S,M,L",1,,M,color,NEGRO,1,,
17003S,variation,,OVEROL EN DRILL STRECH CON BOLSILLOS EN COSTADOS -S,1,,visible,,,taxable,parent,1,1,,,,,90000,120000,SHORT Y PANTALON,,,17003F/ 17003C,,Talla,S,,,,color,NEGRO,,,
17003M,variation,,OVEROL EN DRILL STRECH CON BOLSILLOS EN COSTADOS - M,1,,visible,,,taxable,parent,0,0,,,,,90000,120000,SHORT Y PANTALON,,,17003F/ 17003C,,Talla,M,,,,color,NEGRO,,,
17003L,variation,,OVEROL EN DRILL STRECH CON BOLSILLOS EN COSTADOS - L,1,,visible,,,taxable,parent,0,0,,,,,90000,120000,SHORT Y PANTALON,,,17003F/ 17003C,,Talla,L,,,,color,NEGRO,,,
18003,variable,,PANTALÓN TIPO BAGGY,1,,visible,,"Pantalón tipo baggy en drill strech (59%alg. 37%pol. 4%spa.) con pliegues en delantero, correa ajustable en botas y correa en cotilla en el posterior",taxable,parent,1,,,,,,,,SHORT Y PANTALON,,,18003D/ 18003C/ 18003P/ 18003DV/ 18003CV/ 18003FPC/ 18003FPV,,Talla,"S,M,L",1,,M,color,"VERDE, CAQUI",1,,
18003SC,variation,,PANTALÓN TIPO BAGGY CAQUI - S,1,,visible,,,taxable,parent,1,2,,,,,,85000,SHORT Y PANTALON,,,18003D/ 18003C/ 18003P/ 18003DV/ 18003CV/ 18003FPC/ 18003FPV,,Talla,S,,,,color,CAQUI,,,
18003MC,variation,,PANTALÓN TIPO BAGGY CAQUI - M,1,,visible,,,taxable,parent,1,1,,,,,,85000,SHORT Y PANTALON,,,18003D/ 18003C/ 18003P/ 18003DV/ 18003CV/ 18003FPC/ 18003FPV,,Talla,M,,,,color,CAQUI,,,
18003LC,variation,,PANTALÓN TIPO BAGGY CAQUI - L,1,,visible,,,taxable,parent,1,4,,,,,,85000,SHORT Y PANTALON,,,18003D/ 18003C/ 18003P/ 18003DV/ 18003CV/ 18003FPC/ 18003FPV,,Talla,L,,,,color,CAQUI,,,
18003SV,variation,,PANTALÓN TIPO BAGGY VERDE - S,1,,visible,,,taxable,parent,1,2,,,,,,85000,SHORT Y PANTALON,,,18003D/ 18003C/ 18003P/ 18003DV/ 18003CV/ 18003FPC/ 18003FPV,,Talla,S,,,,color,VERDE,,,
18003MV,variation,,PANTALÓN TIPO BAGGY VERDE - M,1,,visible,,,taxable,parent,1,3,,,,,,85000,SHORT Y PANTALON,,,18003D/ 18003C/ 18003P/ 18003DV/ 18003CV/ 18003FPC/ 18003FPV,,Talla,M,,,,color,VERDE,,,
18003LV,variation,,PANTALÓN TIPO BAGGY VERDE - L,1,,visible,,,taxable,parent,1,3,,,,,,85000,SHORT Y PANTALON,,,18003D/ 18003C/ 18003P/ 18003DV/ 18003CV/ 18003FPC/ 18003FPV,,Talla,L,,,,color,VERDE,,,
11016,variable,,CROP MANGA AMPLIA,1,,visible,,"Crop con sublicado en frente y manga, contraste de color en cuello",taxable,parent,1,,,,,,,,TOPS Y CAMISETAS,,,11016F/ 11016E/ 11016FP,,Talla,"S,M,L",1,,M,color,ROSA,1,,
11016S,variation,,CROP MANGA AMPLIA - S,1,,visible,,,taxable,parent,1,3,,,,,,50000,TOPS Y CAMISETAS,,,,,Talla,S,,,,color,ROSA,,,
11016M,variation,,CROP MANGA AMPLIA - M,1,,visible,,,taxable,parent,1,5,,,,,,50000,TOPS Y CAMISETAS,,,,,Talla,M,,,,color,ROSA,,,
11016L,variation,,CROP MANGA AMPLIA - L,1,,visible,,,taxable,parent,1,6,,,,,,50000,TOPS Y CAMISETAS,,,,,Talla,L,,,,color,ROSA,,,
16010,variable,,SUDADERA ROSA RECOGIDO EN BOTAS,1,,visible,,"Sudadera en antifluido con recogido en ambas botas y elástico ajustable en ellas, bolsillo en costados y bolsillos en posterior con reata reflectiva, elástico en cintura y cordón de ajuste.",taxable,parent,1,,,,,,,,SHORT Y PANTALON,,,16010D/ 16010P/ 16010FPO/ 16010PFPM,,Talla,"S,M,L",1,,M,color,ROSA,1,,
16010S,variation,,SUDADERA ROSA RECOGIDO EN BOTAS - S,1,,visible,,,taxable,parent,1,2,,,,,,850000,SHORT Y PANTALON,,,,,Talla,S,,,,color,ROSA,,,
16010M,variation,,SUDADERA ROSA RECOGIDO EN BOTAS - M,1,,visible,,,taxable,parent,1,3,,,,,,850000,SHORT Y PANTALON,,,,,Talla,M,,,,color,ROSA,,,
16010L,variation,,SUDADERA ROSA RECOGIDO EN BOTAS - L,1,,visible,,,taxable,parent,0,0,,,,,,850000,SHORT Y PANTALON,,,,,Talla,L,,,,color,ROSA,,,
13022,variable,,CHOMPA LEOPARDO,1,,visible,,"Chompa en antifluido fondo entero y sublimado en corte, forrado en malla, estampación textil en periila frente y cierre en nylon",taxable,parent,1,,,,,,,,BUZOS Y CHOMPAS,,,13022F/ 13022E/ 13022F2,,Talla,"S,M,L",1,,M,color,EST. LEOPARDO,1,,
13022S,variation,,CHOMPA LEOPARDO - S,1,,visible,,,taxable,parent,1,3,,,,,,115000,BUZOS Y CHOMPAS,,,,,Talla,S,,,,color,EST. LEOPARDO,,,
13022M,variation,,CHOMPA LEOPARDO - M,1,,visible,,,taxable,parent,1,1,,,,,,115000,BUZOS Y CHOMPAS,,,,,Talla,M,,,,color,EST. LEOPARDO,,,
13022L,variation,,CHOMPA LEOPARDO - L,1,,visible,,,taxable,parent,1,3,,,,,,115000,BUZOS Y CHOMPAS,,,,,Talla,L,,,,color,EST. LEOPARDO,,,
16011,variable,,PANTALONETA LEOPARDO,1,,visible,,"Pantaloneta en antifluido fondo entero y sublimado en corte, elastico en cintura y cordón elástico con ajuste en frente",taxable,parent,1,,,,,,,,SHORT Y PANTALON,,,16011P/ 16011F/ 16011P2,,Talla,"S,M,L",1,,M,color,EST. LEOPARDO,1,,
16011S,variation,,PANTALONETA LEOPARDO - S,1,,visible,,,taxable,parent,1,3,,,,,,50000,SHORT Y PANTALON,,,,,Talla,S,,,,color,EST. LEOPARDO,,,
16011M,variation,,PANTALONETA LEOPARDO - M ,1,,visible,,,taxable,parent,1,4,,,,,,50000,SHORT Y PANTALON,,,,,Talla,M,,,,color,EST. LEOPARDO,,,
16011L,variation,,PANTALONETA LEOPARDO - L,1,,visible,,,taxable,parent,1,1,,,,,,50000,SHORT Y PANTALON,,,,,Talla,L,,,,color,EST. LEOPARDO,,,
13023,variable,,CHOMPA BEIGE ROSA,1,,visible,,Chompa en perchado con puño en material tejido y estampación textil en frente en contraste de color.,taxable,parent,1,,,,,,,,BUZOS Y CHOMPAS,,,13023F/ 13023FM,,Talla,"S,M,L",1,,M,color,BEIGE,1,,
13023S,variation,,CHOMPA BEIGE ROSA - S,1,,visible,,,taxable,parent,1,1,,,,,,85000,BUZOS Y CHOMPAS,,,,,Talla,S,,,,color,BEIGE,,,
13023M,variation,,CHOMPA BEIGE ROSA - M,1,,visible,,,taxable,parent,1,5,,,,,,85000,BUZOS Y CHOMPAS,,,,,Talla,M,,,,color,BEIGE,,,
13023L,variation,,CHOMPA BEIGE ROSA - L,1,,visible,,,taxable,parent,1,5,,,,,,85000,BUZOS Y CHOMPAS,,,,,Talla,L,,,,color,BEIGE,,,
23001,variable,,CINTURON SINTÉTICO,1,,visible,,"Cinturón en material sintético con estampación en pvc con POLEMIK, hebilla plástica y remaches metálicos.",taxable,parent,1,,,,,,,,ACCESORIOS,,,23001,,Talla,ÚNICA,1,,U,color,"NEGRO, VERDE, ROSA",1,,
23001N,variation,,CINTURON SINTÉTICO NEGRO,1,,visible,,,taxable,parent,1,5,,,,,,35000,ACCESORIOS,,,,,Talla,ÚNICA,,,,color,NEGRO,,,
23001V,variation,,CINTURON SINTÉTICO VERDE,1,,visible,,,taxable,parent,1,5,,,,,,35000,ACCESORIOS,,,,,Talla,ÚNICA,,,,color,VERDE,,,
23001R,variation,,CINTURON SINTÉTICO ROSA,1,,visible,,,taxable,parent,1,5,,,,,,35000,ACCESORIOS,,,,,Talla,ÚNICA,,,,color,ROSA,,,
23002,variable,,CINTURÓN REATA,1,,visible,,"Cinturón en reata con estampación en textil con POLEMIK, hebilla plástica y remaches metálicos.",taxable,parent,1,1,,,,,,28000,ACCESORIOS,,,23002,,Talla,ÚNICA,1,,U,color,NARANJA,1,,
11017,variable,,CROP MALLA CIERRE ESPALDA ,1,,visible,,Crop malla neón con cierre efecto cuero en espalda y estampado alto relieve en frente,taxable,parent,1,,,,,,,,TOPS Y CAMISETAS,,,11017F/ 11017C/ 11017F2/ 11017F3/ 11017F2E,,Talla,"S,M,L",1,,M,color,VERDE NEÓN,1,,
11017S,variation,,CROP MALLA CIERRE ESPALDA - S,1,,visible,,,taxable,parent,1,3,,,,,,65000,TOPS Y CAMISETAS,,,,,Talla,S,,,,color,VERDE NEÓN,,,
11017M,variation,,CROP MALLA CIERRE ESPALDA - M,1,,visible,,,taxable,parent,1,5,,,,,,65000,TOPS Y CAMISETAS,,,,,Talla,M,,,,color,VERDE NEÓN,,,
11017L,variation,,CROP MALLA CIERRE ESPALDA - L,1,,visible,,,taxable,parent,1,7,,,,,,65000,TOPS Y CAMISETAS,,,,,Talla,L,,,,color,VERDE NEÓN,,,
21002,variable,,BODY CUELLO ALTO NEÓN,1,,visible,,Body cuello alto con cierre efecto reflectivo en frente y estampado alto relive punto corazón,taxable,parent,1,,,,,,,,TOPS Y CAMISETAS,,,21002F/ 21002F2,,Talla,"S,M,L",1,,M,color,NARANJA NEÓN,1,,
21002S,variation,,BODY CUELLO ALTO NEÓN - S,1,,visible,,,taxable,parent,1,2,,,,,,60000,TOPS Y CAMISETAS,,,,,Talla,S,,,,color,NARANJA NEÓN,,,
21002M,variation,,BODY CUELLO ALTO NEÓN - M,1,,visible,,,taxable,parent,1,5,,,,,,60000,TOPS Y CAMISETAS,,,,,Talla,M,,,,color,NARANJA NEÓN,,,
21002L,variation,,BODY CUELLO ALTO NEÓN - L,1,,visible,,,taxable,parent,1,4,,,,,,60000,TOPS Y CAMISETAS,,,,,Talla,L,,,,color,NARANJA NEÓN,,,
16012,variable,,SHORT DRILL REATA EN COSTADOS,1,,visible,,"Short en Drill, tiro alto, con reata en costados y bolsillos cargo en posterior, cordon de amarre en cintura.",taxable,parent,1,,,,,,,,SHORT Y PANTALON,,,16012C/ 16012F/ 16012F2/ 16012FP/ 16012PP,,Talla,"S,M,L",1,,M,color,NARANJA NEÓN,1,,
16012S,variation,,SHORT DRILL REATA EN COSTADOS - S,1,,visible,,,taxable,parent,1,3,,,,,,75000,SHORT Y PANTALON,,,,,Talla,S,,,,color,NARANJA NEÓN,,,
16012M,variation,,SHORT DRILL REATA EN COSTADOS - M,1,,visible,,,taxable,parent,1,4,,,,,,75000,SHORT Y PANTALON,,,,,Talla,M,,,,color,NARANJA NEÓN,,,
16012L,variation,,SHORT DRILL REATA EN COSTADOS - L,1,,visible,,,taxable,parent,1,3,,,,,,75000,SHORT Y PANTALON,,,,,Talla,L,,,,color,NARANJA NEÓN,,,
13225,variable,,CHOMPA RANGLAN CON REATA AMARILLA ,1,,visible,,"Chompa en perchado con manga ranglan en combinación de color, reata en frente con ajuste en costados",taxable,parent,1,1,,,,,,,BUZOS Y CHOMPAS,,,13225F/ 13225C/ 13225F2/ 13225FP,,Talla,"S,M,L",1,,M,color,GRIS,1,,
13225S,variation,,CHOMPA RANGLAN CON REATA AMARILLA - S,1,,visible,,,taxable,parent,1,2,,,,,,85000,BUZOS Y CHOMPAS,,,,,Talla,S,,,,color,GRIS,,,
13225M,variation,,CHOMPA RANGLAN CON REATA AMARILLA - M,1,,visible,,,taxable,parent,1,1,,,,,,85000,BUZOS Y CHOMPAS,,,,,Talla,M,,,,color,GRIS,,,
13225L,variation,,CHOMPA RANGLAN CON REATA AMARILLA - L,1,,visible,,,taxable,parent,1,2,,,,,,85000,BUZOS Y CHOMPAS,,,,,Talla,L,,,,color,GRIS,,,
16013,variable,,SHORT PERCHADO JASPE-AMARILLO,1,,visible,,"Short en perchado concorte en costado en contraste de color y base de tela, bolsillos en costado y bolsillo de parche en posterior, con elástico en cintura y cordón elástico para ajuste.",taxable,parent,1,,,,,,,,SHORT Y PANTALON,,,16013F/ 16013C/ 16013C2/ 16013DP/ 16013PP,,Talla,"S,M,L",1,,M,color,GRIS,1,,
16013S,variation,,SHORT PERCHADO JASPE-AMARILLO - S,1,,visible,,,taxable,parent,1,1,,,,,,55000,SHORT Y PANTALON,,,,,Talla,S,,,,color,GRIS,,,
16013S,variation,,SHORT PERCHADO JASPE-AMARILLO - M,1,,visible,,,taxable,parent,0,0,,,,,,55000,SHORT Y PANTALON,,,,,Talla,M,,,,color,GRIS,,,
16013S,variation,,SHORT PERCHADO JASPE-AMARILLO - L,1,,visible,,,taxable,parent,1,1,,,,,,55000,SHORT Y PANTALON,,,,,Talla,L,,,,color,GRIS,,,
17004,variable,,ENTERIZO CORTO CRUZADO,1,,visible,,"Enterizo en bruda liviana, con frente cruzado y short corto, bolssillo en costados, elástico en cintura  y abertura en costados",taxable,parent,1,,,,,,,,SHORT Y PANTALON,,,17004F1/ 17004F2/ 17004C/ 17004F/ 17004FP,,Talla,"S,M,L",1,,M,color,GRIS,1,,
17004S,variation,,ENTERIZO CORTO CRUZADO - S,1,,visible,,,taxable,parent,1,4,,,,,,60000,SHORT Y PANTALON,,,,,Talla,S,,,,color,GRIS,,,
17004M,variation,,ENTERIZO CORTO CRUZADO - M,1,,visible,,,taxable,parent,1,2,,,,,,60000,SHORT Y PANTALON,,,,,Talla,M,,,,color,GRIS,,,
17004L,variation,,ENTERIZO CORTO CRUZADO - L,1,,visible,,,taxable,parent,1,4,,,,,,60000,SHORT Y PANTALON,,,,,Talla,L,,,,color,GRIS,,,
13224,variable,,CHOMPA MALLA NEGRA,1,,visible,,"Chompa en malla negra con puño y cuello en tejido y contraste de linea en blanco y verde, bolsillos en costados y cierre en nylón",taxable,parent,1,,,,,,,,BUZOS Y CHOMPAS,,,13224F2/ 13224C/ 13224F/ 13224FP,,Talla,"S,M,L",1,,M,color,NEGRO,1,,
13224S,variation,,CHOMPA MALLA NEGRA -S ,1,,visible,,,taxable,parent,1,1,,,,,,95000,BUZOS Y CHOMPAS,,,,,Talla,S,,,,color,NEGRO,,,
13224M,variation,,CHOMPA MALLA NEGRA - M,1,,visible,,,taxable,parent,1,2,,,,,,95000,BUZOS Y CHOMPAS,,,,,Talla,M,,,,color,NEGRO,,,
13224L,variation,,CHOMPA MALLA NEGRA - L,1,,visible,,,taxable,parent,1,6,,,,,,95000,BUZOS Y CHOMPAS,,,,,Talla,L,,,,color,NEGRO,,,
16012,variable,,SUDADERA BOLSILLO CON REATA,1,,visible,,"Sudadera en antifluido con bolsillos en costados y bolsillos posteriores con reata, elástico en botas y pretina con cordón ajustable.",taxable,parent,1,,,,,,,,SHORT Y PANTALON,,,16012D/ 16012P/ 16012DN / 16012PN/ 16012FN / 16012CN,,Talla,"S,M,L",1,,M,color,"NEGRO, ESTAMPADO MILITAR GRIS",1,,
16012S,variation,,SUDADERA BOLSILLO CON REATA - S,1,,visible,,,taxable,parent,0,0,,,,,,75000,SHORT Y PANTALON,,,,,Talla,S,,,,color,NEGRO,,,
16012M,variation,,SUDADERA BOLSILLO CON REATA - M,1,,visible,,,taxable,parent,1,1,,,,,,75000,SHORT Y PANTALON,,,,,Talla,M,,,,color,NEGRO,,,
16012L,variation,,SUDADERA BOLSILLO CON REATA - L,1,,visible,,,taxable,parent,1,1,,,,,,75000,SHORT Y PANTALON,,,,,Talla,L,,,,color,NEGRO,,,
16012SESTAM,variation,,SUDADERA BOLSILLO CON REATA ESTAMPADO - S,1,,visible,,,taxable,parent,0,0,,,,,,75000,SHORT Y PANTALON,,,,,Talla,S,,,,color,ESTAMPADO MILITAR GRIS,,,
16012MESTAM,variation,,SUDADERA BOLSILLO CON REATA ESTAMPADO - M,1,,visible,,,taxable,parent,1,2,,,,,,75000,SHORT Y PANTALON,,,,,Talla,M,,,,color,ESTAMPADO MILITAR GRIS,,,
16012LESTAM,variation,,SUDADERA BOLSILLO CON REATA ESTAMPADO - L,1,,visible,,,taxable,parent,1,3,,,,,,75000,SHORT Y PANTALON,,,,,Talla,L,,,,color,ESTAMPADO MILITAR GRIS,,,
13228,variable,,CHOMPA BOLSILLO EN MANGA CON REATA,1,,visible,,"Chompa en antifluido forrada en malla, con bolsillo en manga y reata sobrepuesta, bolsillos laterales y elastico en cintura y puños.",taxable,parent,1,,,,,,,,BUZOS Y CHOMPAS,,,13228F/ 13228E/ 13228FN/ 13228CN/ 13228CN,,Talla,"S,M,L",1,,M,color,"NEGRO, ESTAMPADO MILITAR GRIS",1,,
13228S,variation,,CHOMPA BOLSILLO EN MANGA CON REATA - S,1,,visible,,,taxable,parent,1,1,,,,,,95000,BUZOS Y CHOMPAS,,,,,Talla,S,,,,color,NEGRO,,,
13228M,variation,,CHOMPA BOLSILLO EN MANGA CON REATA - M,1,,visible,,,taxable,parent,1,3,,,,,,95000,BUZOS Y CHOMPAS,,,,,Talla,M,,,,color,NEGRO,,,
13228L,variation,,CHOMPA BOLSILLO EN MANGA CON REATA - L,1,,visible,,,taxable,parent,1,3,,,,,,95000,BUZOS Y CHOMPAS,,,,,Talla,L,,,,color,NEGRO,,,
13228SESTAM,variation,,CHOMPA BOLSILLO EN MANGA CON REATA ESTAM - S,1,,visible,,,taxable,parent,1,1,,,,,,95000,BUZOS Y CHOMPAS,,,,,Talla,S,,,,color,ESTAMPADO MILITAR GRIS,,,
13228MESTAM,variation,,CHOMPA BOLSILLO EN MANGA CON REATA ESTAM - M,1,,visible,,,taxable,parent,1,2,,,,,,95000,BUZOS Y CHOMPAS,,,,,Talla,M,,,,color,ESTAMPADO MILITAR GRIS,,,
13228LESTAM,variation,,CHOMPA BOLSILLO EN MANGA CON REATA ESTAM - L,1,,visible,,,taxable,parent,1,3,,,,,,95000,BUZOS Y CHOMPAS,,,,,Talla,L,,,,color,ESTAMPADO MILITAR GRIS,,,
11018,variable,,CROP MALLA BASIC,1,,visible,,Crop en malla con ruedo de manga en material tejido y estampado en alto relieve diagonal del cuello.,taxable,parent,1,,,,,,,,TOPS Y CAMISETAS,,,11018F/ 11018E / 11018FN,,Talla,"S,M,L",1,,M,color,"NEGRO,ROJO",1,,
11018SR,variation,,CROP MALLA BASIC ROJO - S,1,,visible,,,taxable,parent,1,2,,,,,,50000,TOPS Y CAMISETAS,,,,,Talla,S,,,,color,ROJO,,,
11018MR,variation,,CROP MALLA BASIC ROJO - M,1,,visible,,,taxable,parent,1,1,,,,,,50000,TOPS Y CAMISETAS,,,,,Talla,M,,,,color,ROJO,,,
11018LR,variation,,CROP MALLA BASIC ROJO - L,1,,visible,,,taxable,parent,1,1,,,,,,50000,TOPS Y CAMISETAS,,,,,Talla,L,,,,color,ROJO,,,
11018SN,variation,,CROP MALLA BASIC NEGRO - S,1,,visible,,,taxable,parent,1,2,,,,,,50000,TOPS Y CAMISETAS,,,,,Talla,S,,,,color,NEGRO,,,
11018MN,variation,,CROP MALLA BASIC NEGRO - M,1,,visible,,,taxable,parent,1,1,,,,,,50000,TOPS Y CAMISETAS,,,,,Talla,M,,,,color,NEGRO,,,
11018LN,variation,,CROP MALLA BASIC NEGRO - L,1,,visible,,,taxable,parent,1,1,,,,,,50000,TOPS Y CAMISETAS,,,,,Talla,L,,,,color,NEGRO,,,
11020,variable,,CAMIBUZO ALGODÓN ,1,,visible,,"Camibuzo corto,con elástico contramarcado con POLEMIK, en ruedo y maquilla banderin en ruedo de mangas.",taxable,parent,1,,,,,,,,TOPS Y CAMISETAS,,,11020FNJ/ 11020FN/ 11020FG/ 1020FNJ/ 11020FN2,,Talla,"S,M,L",1,,M,color,"NEGRO, GRIS, NARANJA",1,,
11020SN,variation,,CAMIBUZO ALGODÓN NEGRO - S,1,,visible,,,taxable,parent,0,0,,,,,,50000,TOPS Y CAMISETAS,,,,,Talla,S,,,,color,NEGRO,,,
11020MN,variation,,CAMIBUZO ALGODÓN NEGRO - M,1,,visible,,,taxable,parent,1,1,,,,,,50000,TOPS Y CAMISETAS,,,,,Talla,M,,,,color,NEGRO,,,
11020LN,variation,,CAMIBUZO ALGODÓN NEGRO - L,1,,visible,,,taxable,parent,1,2,,,,,,50000,TOPS Y CAMISETAS,,,,,Talla,L,,,,color,NEGRO,,,
11020SG,variation,,CAMIBUZO ALGODÓN GRIS - S,1,,visible,,,taxable,parent,0,0,,,,,,50000,TOPS Y CAMISETAS,,,,,Talla,S,,,,color,GRIS,,,
11020MG,variation,,CAMIBUZO ALGODÓN GRIS - M,1,,visible,,,taxable,parent,1,2,,,,,,50000,TOPS Y CAMISETAS,,,,,Talla,M,,,,color,GRIS,,,
11020LG,variation,,CAMIBUZO ALGODÓN GRIS - L,1,,visible,,,taxable,parent,1,1,,,,,,50000,TOPS Y CAMISETAS,,,,,Talla,L,,,,color,GRIS,,,
11020SNJ,variation,,CAMIBUZO ALGODÓN NARANJA - S,1,,visible,,,taxable,parent,1,1,,,,,,50000,TOPS Y CAMISETAS,,,,,Talla,S,,,,color,NARANJA,,,
11020MNJ,variation,,CAMIBUZO ALGODÓN NARANJA - M,1,,visible,,,taxable,parent,1,2,,,,,,50000,TOPS Y CAMISETAS,,,,,Talla,M,,,,color,NARANJA,,,
11020LNJ,variation,,CAMIBUZO ALGODÓN NARANJA - L,1,,visible,,,taxable,parent,1,2,,,,,,50000,TOPS Y CAMISETAS,,,,,Talla,L,,,,color,NARANJA,,,
16010,variable,,SHORT TIRO ALTO EN DRILL,1,,visible,,"Short tiro alto en drll strech, bolsillo a los costados, pinza en cadera y charretera a los costados, con garra en cuerina en la parte superior en la pretina.",taxable,parent,1,,,,,,,,SHORT Y PANTALON,0,,16010-DEL/ 16010POST/ 16010DEL2/ 16010FP/ 16010FP2,,Talla,"S,M,L",1,,M,color,"NEGRO, AZUL, ESTAMPADO MILITAR VERDE",1,,
16010SN,variation,,SHORT TIRO ALTO EN DRILL NEGRO - S,1,,visible,,,taxable,parent,1,2,,,,,,65000,SHORT Y PANTALON,,,,,Talla,S,,,,color,NEGRO,,,
16010MN,variation,,SHORT TIRO ALTO EN DRILL NEGRO - M,1,,visible,,,taxable,parent,1,2,,,,,,65000,SHORT Y PANTALON,,,,,Talla,M,,,,color,NEGRO,,,
16010LN,variation,,SHORT TIRO ALTO EN DRILL NEGRO - L,1,,visible,,,taxable,parent,1,1,,,,,,65000,SHORT Y PANTALON,,,,,Talla,L,,,,color,NEGRO,,,
16010SEST,variation,,SHORT TIRO ALTO EN DRILL ESTAMPADO - S,1,,visible,,,taxable,parent,1,1,,,,,,65000,SHORT Y PANTALON,,,,,Talla,S,,,,color,ESTAMPADO MILITAR VERDE,,,
16010MEST,variation,,SHORT TIRO ALTO EN DRILL ESTAMPADO - M,1,,visible,,,taxable,parent,1,3,,,,,,65000,SHORT Y PANTALON,,,,,Talla,M,,,,color,ESTAMPADO MILITAR VERDE,,,
16010LEST,variation,,SHORT TIRO ALTO EN DRILL ESTAMPADO - L,1,,visible,,,taxable,parent,0,0,,,,,,65000,SHORT Y PANTALON,,,,,Talla,L,,,,color,ESTAMPADO MILITAR VERDE,,,
16010SAZ,variation,,SHORT TIRO ALTO EN DRILL AZUL - S,1,,visible,,,taxable,parent,1,1,,,,,,65000,SHORT Y PANTALON,,,,,Talla,S,,,,color,AZUL,,,
16010MAZ,variation,,SHORT TIRO ALTO EN DRILL AZUL - M,1,,visible,,,taxable,parent,1,1,,,,,,65000,SHORT Y PANTALON,,,,,Talla,M,,,,color,AZUL,,,
16010LAZ,variation,,SHORT TIRO ALTO EN DRILL AZUL - L,1,,visible,,,taxable,parent,1,2,,,,,,65000,SHORT Y PANTALON,,,,,Talla,L,,,,color,AZUL,,,
14013,variable,,VESTIDO CUELLO ALTO ESPALDA ESCOTADA,1,,visible,,"Vestido en algodón, cuello alto con tira de amarre ajustable, espalda escotada y estampado alto relieve en frente.",taxable,parent,1,,,,,,,,VESTIDOS,,,14013F/ 14013F1/ 14013F2/ 14013F3,,Talla,"S,M,L",1,,M,color,"NEGRO, GRIS",1,,
14013SN,variation,,VESTIDO CUELLO ALTO ESPALDA ESCOTADA NEGRO - S,1,,visible,,,taxable,parent,1,1,,,,,,60000,VESTIDOS,,,,,Talla,S,,,,color,NEGRO,,,
14013MN,variation,,VESTIDO CUELLO ALTO ESPALDA ESCOTADA NEGRO - M,1,,visible,,,taxable,parent,1,2,,,,,,60000,VESTIDOS,,,,,Talla,M,,,,color,NEGRO,,,
14013LN,variation,,VESTIDO CUELLO ALTO ESPALDA ESCOTADA NEGRO - L,1,,visible,,,taxable,parent,1,4,,,,,,60000,VESTIDOS,,,,,Talla,L,,,,color,NEGRO,,,
14013SG,variation,,VESTIDO CUELLO ALTO ESPALDA ESCOTADA GRIS - S,1,,visible,,,taxable,parent,1,3,,,,,,60000,VESTIDOS,,,,,Talla,S,,,,color,GRIS,,,
14013MG,variation,,VESTIDO CUELLO ALTO ESPALDA ESCOTADA GRIS - M,1,,visible,,,taxable,parent,1,3,,,,,,60000,VESTIDOS,,,,,Talla,M,,,,color,GRIS,,,
14013LG,variation,,VESTIDO CUELLO ALTO ESPALDA ESCOTADA GRIS - L,1,,visible,,,taxable,parent,1,4,,,,,,60000,VESTIDOS,,,,,Talla,L,,,,color,GRIS,,,
11021,variable,,CROP OVER SIZE TIE DYE,1,,visible,,"Crop en algodón, fit over size y efecto tie dye hecho a mano.",taxable,parent,1,,,,,,,,TOPS Y CAMISETAS,,,11021FO/ 11021FE/ 11021/ 11021F/ 11021FR,,Talla,"S,M,L",1,,M,color,"NEGRO, ROJO, NARANJA",1,,
11021SN,variation,,CROP OVER SIZE TIE DYE NEGRA - S,1,,visible,,,taxable,parent,0,0,,,,,,70000,TOPS Y CAMISETAS,,,,,Talla,S,,,,color,NEGRO,,,
11021MN,variation,,CROP OVER SIZE TIE DYE NEGRA - M,1,,visible,,,taxable,parent,0,0,,,,,,70000,TOPS Y CAMISETAS,,,,,Talla,M,,,,color,NEGRO,,,
11021LN,variation,,CROP OVER SIZE TIE DYE NEGRA - L,1,,visible,,,taxable,parent,1,1,,,,,,70000,TOPS Y CAMISETAS,,,,,Talla,L,,,,color,NEGRO,,,
11021SR,variation,,CROP OVER SIZE TIE DYE ROJA - S,1,,visible,,,taxable,parent,1,1,,,,,,70000,TOPS Y CAMISETAS,,,,,Talla,S,,,,color,ROJO,,,
11021MR,variation,,CROP OVER SIZE TIE DYE ROJA - M,1,,visible,,,taxable,parent,1,3,,,,,,70000,TOPS Y CAMISETAS,,,,,Talla,M,,,,color,ROJO,,,
11021LR,variation,,CROP OVER SIZE TIE DYE ROJA - L,1,,visible,,,taxable,parent,1,0,,,,,,70000,TOPS Y CAMISETAS,,,,,Talla,L,,,,color,ROJO,,,
11021SNJ,variation,,CROP OVER SIZE TIE DYE NARANJA - S,1,,visible,,,taxable,parent,1,1,,,,,,70000,TOPS Y CAMISETAS,,,,,Talla,S,,,,color,NARANJA,,,
11021MNJ,variation,,CROP OVER SIZE TIE DYE NARANJA - M,1,,visible,,,taxable,parent,1,0,,,,,,70000,TOPS Y CAMISETAS,,,,,Talla,M,,,,color,NARANJA,,,
11021LNJ,variation,,CROP OVER SIZE TIE DYE NARANJA - L,1,,visible,,,taxable,parent,1,1,,,,,,70000,TOPS Y CAMISETAS,,,,,Talla,L,,,,color,NARANJA,,,
23002,variable,,PANTY TIPO TANGA ,1,,visible,,"Panty en lycra tipo tanga, con elástico en cintura contramarcado con POLEMIK.",taxable,parent,1,,,,,,,,SHORT Y PANTALON,,,23002F/ 23002P/ 23002P2/ 23002DP,,Talla,"S,M,L",1,,M,color,"NEGRO, BLANCO",1,,
23002SN,variation,,PANTY TIPO TANGA NEGRA - S,1,,visible,,,taxable,parent,1,3,,,,,,28000,SHORT Y PANTALON,,,,,Talla,S,,,,color,NEGRO,,,
23002MN,variation,,PANTY TIPO TANGA NEGRA - M,1,,visible,,,taxable,parent,1,3,,,,,,28000,SHORT Y PANTALON,,,,,Talla,M,,,,color,NEGRO,,,
23002LN,variation,,PANTY TIPO TANGA NEGRA - L,1,,visible,,,taxable,parent,1,4,,,,,,28000,SHORT Y PANTALON,,,,,Talla,L,,,,color,NEGRO,,,
23002SB,variation,,PANTY TIPO TANGA BLANCA - S,1,,visible,,,taxable,parent,1,3,,,,,,28000,SHORT Y PANTALON,,,,,Talla,S,,,,color,BLANCO,,,
23002MB,variation,,PANTY TIPO TANGA BLANCA - M,1,,visible,,,taxable,parent,1,3,,,,,,28000,SHORT Y PANTALON,,,,,Talla,M,,,,color,BLANCO,,,
23002LB,variation,,PANTY TIPO TANGA BLANCA - L,1,,visible,,,taxable,parent,1,4,,,,,,28000,SHORT Y PANTALON,,,,,Talla,L,,,,color,BLANCO,,,
12008,variable,,TOP TRIÁNGULO ELÁSTICO,1,,visible,,Top en lycra con copas en triangulo forradas con elastico contramarcado con POLEMIK,taxable,parent,1,,,,,,,,TOPS Y CAMISETAS,,,12008F/ 12008F1/ 12008F2/ 12008FP,,Talla,"S,M,L",1,,M,color,"NEGRO, BLANCO",1,,
12008SN,variation,,TOP TRIÁNGULO ELÁSTICO NEGRO - S,1,,visible,,,taxable,parent,1,1,,,,,,30000,TOPS Y CAMISETAS,,,,,Talla,S,,,,color,NEGRO,,,
12008MN,variation,,TOP TRIÁNGULO ELÁSTICO NEGRO - M,1,,visible,,,taxable,parent,1,4,,,,,,30000,TOPS Y CAMISETAS,,,,,Talla,M,,,,color,NEGRO,,,
12008LN,variation,,TOP TRIÁNGULO ELÁSTICO NEGRO - L,1,,visible,,,taxable,parent,1,4,,,,,,30000,TOPS Y CAMISETAS,,,,,Talla,L,,,,color,NEGRO,,,
12008SB,variation,,TOP TRIÁNGULO ELÁSTICO BLANCO - S,1,,visible,,,taxable,parent,1,2,,,,,,30000,TOPS Y CAMISETAS,,,,,Talla,S,,,,color,BLANCO,,,
12008MB,variation,,TOP TRIÁNGULO ELÁSTICO BLANCO - M,1,,visible,,,taxable,parent,1,3,,,,,,30000,TOPS Y CAMISETAS,,,,,Talla,M,,,,color,BLANCO,,,
12008LB,variation,,TOP TRIÁNGULO ELÁSTICO BLANCO - L,1,,visible,,,taxable,parent,1,4,,,,,,30000,TOPS Y CAMISETAS,,,,,Talla,L,,,,color,BLANCO,,,
13018,variable,,CHOMPA CROP CINTURA AJUSTABLE,1,,visible,,"Chompa crop en perchado, puños en material tejido, cintura con corsón elástico ajustable y estampado en alto relieve en frente.",taxable,parent,1,,,,,,,,BUZOS Y CHOMPAS,,,13018F/ 13018F2/ 13018E/ 13018FP/ 13018FPD,,Talla,"S,M,L",1,,M,color,NEGRO,1,,
13018S,variation,,CHOMPA CROP CINTURA AJUSTABLE -S,1,,visible,,,taxable,parent,1,4,,,,,,70000,BUZOS Y CHOMPAS,,,,,Talla,S,,,,color,NEGRO,,,
13018M,variation,,CHOMPA CROP CINTURA AJUSTABLE - M,1,,visible,,,taxable,parent,1,4,,,,,,70000,BUZOS Y CHOMPAS,,,,,Talla,M,,,,color,NEGRO,,,
13018L,variation,,CHOMPA CROP CINTURA AJUSTABLE - L,1,,visible,,,taxable,parent,1,4,,,,,,70000,BUZOS Y CHOMPAS,,,,,Talla,L,,,,color,NEGRO,,,
11022,variable,,CROP BASIC POLEMIK,1,,visible,,Crop básico en algodón con estampado alto relieve en frente.,taxable,parent,1,,,,,,,,TOPS Y CAMISETAS,,,11022F/ 11022E/ 11022FP,,Talla,"S,M,L",1,,M,color,NEGRO,1,,
11022SN,variation,,CROP BASIC POLEMIK NEGRO - S,1,,visible,,,taxable,parent,1,8,,,,,,50000,TOPS Y CAMISETAS,,,,,Talla,S,,,,color,NEGRO,,,
11022MN,variation,,CROP BASIC POLEMIK NEGRO - M,1,,visible,,,taxable,parent,1,8,,,,,,50000,TOPS Y CAMISETAS,,,,,Talla,M,,,,color,NEGRO,,,
11022LN,variation,,CROP BASIC POLEMIK NEGRO - L,1,,visible,,,taxable,parent,1,8,,,,,,50000,TOPS Y CAMISETAS,,,,,Talla,L,,,,color,NEGRO,,,
11022STIE,variation,,CROP BASIC POLEMIK TIE DYE CAQUI - S,1,,visible,,Crop básico en algodón con efecto tie dye en tintoreria y estampación en alto relieve en frente.,taxable,parent,1,4,,,,,,60000,TOPS Y CAMISETAS,,,11022TIEF/ 11022TIEF1/ 11022TIEF2/ 11022TIEF3,,Talla,"S,M,L",1,,M,color,CAQUI,1,,
11022MTIE,variation,,CROP BASIC POLEMIK TIE DYE CAQUI - M,1,,visible,,,taxable,parent,1,4,,,,,,60000,TOPS Y CAMISETAS,,,,,Talla,S,,,,color,CAQUI,,,
11022LTIE,variation,,CROP BASIC POLEMIK TIE DYE CAQUI - L,1,,visible,,,taxable,parent,1,4,,,,,,60000,TOPS Y CAMISETAS,,,,,Talla,M,,,,color,CAQUI,,,
13030,variable,,CHOMPA TIE DYE,1,,visible,,"Chompa en perchado algodón, con efecto tie dye en tintorería, cordón con terminal neolítica",taxable,parent,1,,,,,,,,BUZOS Y CHOMPAS,,,13030F1/ 13030F2/ 13030F3/ 13030FP/ 13030FP2,,Talla,"S,M,L",1,,M,color,"AMARILLO, CAQUI",1,,
13030SA,variation,,CHOMPA TIE DYE AMARILLO - S,1,,visible,,,taxable,parent,1,4,,,,,,60000,BUZOS Y CHOMPAS,,,,,Talla,S,,,,color,AMARILLO,,,
13030MA,variation,,CHOMPA TIE DYE AMARILLO - M,1,,visible,,,taxable,parent,1,4,,,,,,60000,BUZOS Y CHOMPAS,,,,,Talla,M,,,,color,AMARILLO,,,
13030LA,variation,,CHOMPA TIE DYE AMARILLO - L,1,,visible,,,taxable,parent,1,4,,,,,,60000,BUZOS Y CHOMPAS,,,,,Talla,L,,,,color,AMARILLO,,,
13030SC,variation,,CHOMPA TIE DYE CAQUI - S,1,,visible,,,taxable,parent,1,4,,,,,,60000,BUZOS Y CHOMPAS,,,,,Talla,S,,,,color,CAQUI,,,
13030MC,variation,,CHOMPA TIE DYE CAQUI - M,1,,visible,,,taxable,parent,1,4,,,,,,60000,BUZOS Y CHOMPAS,,,,,Talla,M,,,,color,CAQUI,,,
13030LC,variation,,CHOMPA TIE DYE CAQUI - L,1,,visible,,,taxable,parent,1,4,,,,,,60000,BUZOS Y CHOMPAS,,,,,Talla,L,,,,color,CAQUI,,,
16013,variable,,SUDADERA TIE DYE,1,,visible,,"Sudadera  en perchado algodón, con efecto tie dye en tintorería, cordón con terminal neolítica, elastico en pretina y botas.",taxable,parent,1,,,,,,,,SHORT Y PANTALON,,,16013TIEC/ 16013TIED/ 16013TIEC2/ 16013TIED2/ 16013TIEP3/ 16013TIEPD,,Talla,"S,M,L",1,,M,color,"AMARILLO, CAQUI",1,,
16013SA,variation,,SUDADERA TIE DYE AMARILLO - S,1,,visible,,,taxable,parent,1,4,,,,,,90000,SHORT Y PANTALON,,,,,Talla,S,,,,color,AMARILLO,,,
16013MA,variation,,SUDADERA TIE DYE AMARILLO - M,1,,visible,,,taxable,parent,1,4,,,,,,90000,SHORT Y PANTALON,,,,,Talla,M,,,,color,AMARILLO,,,
16013LA,variation,,SUDADERA TIE DYE AMARILLO - L,1,,visible,,,taxable,parent,1,4,,,,,,90000,SHORT Y PANTALON,,,,,Talla,L,,,,color,AMARILLO,,,
16013SC,variation,,SUDADERA TIE DYE CAQUI - S,1,,visible,,,taxable,parent,1,4,,,,,,90000,SHORT Y PANTALON,,,,,Talla,S,,,,color,CAQUI,,,
16013MC,variation,,SUDADERA TIE DYE CAQUI - M,1,,visible,,,taxable,parent,1,4,,,,,,90000,SHORT Y PANTALON,,,,,Talla,M,,,,color,CAQUI,,,
16013LC,variation,,SUDADERA TIE DYE CAQUI - L,1,,visible,,,taxable,parent,1,4,,,,,,90000,SHORT Y PANTALON,,,,,Talla,L,,,,color,CAQUI,,,
14012,variable,,VESTIDO ALGODÓN SENEFA RUEDO,1,,visible,,"Vestido en lycra algodón, con estampada textil en ruedo inferior del frente.",taxable,parent,1,,,,,,,,VESTIDOS,,,14012F1/14012FN/ 14012FB/ 14012C/ 14012FG/14012CG,,Talla,"S,M,L",1,,M,color,"BLANCO, NEGRO, GRIS",1,,
14012SB,variation,,VESTIDO ALGODÓN SENEFA RUEDO BLANCO - S ,1,,visible,,,taxable,parent,1,3,,,,,,62000,VESTIDOS,,,,,Talla,S,,,,color,BLANCO,,,
14012MB,variation,,VESTIDO ALGODÓN SENEFA RUEDO BLANCO - M,1,,visible,,,taxable,parent,1,1,,,,,,62000,VESTIDOS,,,,,Talla,M,,,,color,BLANCO,,,
14012LB,variation,,VESTIDO ALGODÓN SENEFA RUEDO BLANCO - L,1,,visible,,,taxable,parent,1,2,,,,,,62000,VESTIDOS,,,,,Talla,L,,,,color,BLANCO,,,
14012SN,variation,,VESTIDO ALGODÓN SENEFA RUEDO NEGRO - S ,1,,visible,,,taxable,parent,1,1,,,,,,62000,VESTIDOS,,,,,Talla,S,,,,color,NEGRO,,,
14012MN,variation,,VESTIDO ALGODÓN SENEFA RUEDO NEGRO - M,1,,visible,,,taxable,parent,0,0,,,,,,62000,VESTIDOS,,,,,Talla,M,,,,color,NEGRO,,,
14012LN,variation,,VESTIDO ALGODÓN SENEFA RUEDO NEGRO - L,1,,visible,,,taxable,parent,0,0,,,,,,62000,VESTIDOS,,,,,Talla,L,,,,color,NEGRO,,,
14012SG,variation,,VESTIDO ALGODÓN SENEFA RUEDO GRIS - S ,1,,visible,,,taxable,parent,1,2,,,,,,62000,VESTIDOS,,,,,Talla,S,,,,color,GRIS,,,
14012MG,variation,,VESTIDO ALGODÓN SENEFA RUEDO GRIS - M,1,,visible,,,taxable,parent,1,3,,,,,,62000,VESTIDOS,,,,,Talla,M,,,,color,GRIS,,,
14012LG,variation,,VESTIDO ALGODÓN SENEFA RUEDO GRIS - L,1,,visible,,,taxable,parent,1,3,,,,,,62000,VESTIDOS,,,,,Talla,L,,,,color,GRIS,,,
13021,variable,,CHOMPA VESTIDO,1,,visible,,"Chompa vestido en perchado, estampado textil en ambas mangas, puños y fajon tejidos.",taxable,parent,1,,,,,,,,VESTIDOS,,,13021F-E/ 13021F/ 13021C/ 13021F2/13021C2/ 13021FDUO/  13021FG,,Talla,"S,M,L",1,,M,color,"NEGRO, GRIS",1,,
13021SN,variation,,CHOMPA VESTIDO NEGRO - S,1,,visible,,,taxable,parent,1,1,,,,,,95000,VESTIDOS,,,,,Talla,S,,,,color,NEGRO,,,
13021MN,variation,,CHOMPA VESTIDO NEGRO - M,1,,visible,,,taxable,parent,1,3,,,,,,95000,VESTIDOS,,,,,Talla,M,,,,color,NEGRO,,,
13021LN,variation,,CHOMPA VESTIDO NEGRO - L,1,,visible,,,taxable,parent,1,3,,,,,,95000,VESTIDOS,,,,,Talla,L,,,,color,NEGRO,,,
13021SG,variation,,CHOMPA VESTIDO GRIS - S,1,,visible,,,taxable,parent,1,2,,,,,,95000,VESTIDOS,,,,,Talla,S,,,,color,GRIS,,,
13021MG,variation,,CHOMPA VESTIDO GRIS - M,1,,visible,,,taxable,parent,1,2,,,,,,95000,VESTIDOS,,,,,Talla,M,,,,color,GRIS,,,
13021LG,variation,,CHOMPA VESTIDO GRIS - L,1,,visible,,,taxable,parent,1,1,,,,,,95000,VESTIDOS,,,,,Talla,L,,,,color,GRIS,,,
11023,variable,,CROP BÁSICO POLEMIK,1,,visible,,Crop básico en algodón con estampado alto relieve en frente.,taxable,parent,1,,,,,,,,TOPS Y CAMISETAS,,,,,Talla,"S,M,L",1,,M,color,"GRIS, LILA, NARANJA",1,1,
11023SG,variation,,CROP BÁSICO POLEMIK GRIS - S,1,,visible,,,taxable,parent,1,2,,,,,,50000,TOPS Y CAMISETAS,,,,,Talla,S,,,,color,GRIS,,,
11023MG,variation,,CROP BÁSICO POLEMIK GRIS - M,1,,visible,,,taxable,parent,1,2,,,,,,50000,TOPS Y CAMISETAS,,,,,Talla,M,,,,color,GRIS,,,
11023LG,variation,,CROP BÁSICO POLEMIK GRIS - L,1,,visible,,,taxable,parent,1,2,,,,,,50000,TOPS Y CAMISETAS,,,,,Talla,L,,,,color,GRIS,,,
11023SL,variation,,CROP BÁSICO POLEMIK LILA - S,1,,visible,,,taxable,parent,1,4,,,,,,50000,TOPS Y CAMISETAS,,,,,Talla,S,,,,color,LILA,,,
11023ML,variation,,CROP BÁSICO  POLEMIK LILA - M,1,,visible,,,taxable,parent,1,4,,,,,,50000,TOPS Y CAMISETAS,,,,,Talla,M,,,,color,LILA,,,
11023LL,variation,,CROP BÁSICO POLEMIK LILA - L,1,,visible,,,taxable,parent,1,4,,,,,,50000,TOPS Y CAMISETAS,,,,,Talla,L,,,,color,LILA,,,
11023SNJ,variation,,CROP BÁSICO POLEMIK NARANJA - S,1,,visible,,,taxable,parent,1,3,,,,,,50000,TOPS Y CAMISETAS,,,,,Talla,S,,,,color,NARANJA,,,
11023MNJ,variation,,CROP BÁSICO POLEMIK NARANJA - M,1,,visible,,,taxable,parent,1,3,,,,,,50000,TOPS Y CAMISETAS,,,,,Talla,M,,,,color,NARANJA,,,
11023LNJ,variation,,CROP BÁSICO POLEMIK NARANJA - L,1,,visible,,,taxable,parent,1,3,,,,,,50000,TOPS Y CAMISETAS,,,,,Talla,L,,,,color,NARANJA,,,
19003,variable,,CHALECO DEGRADÉ ,1,,visible,,"Chaleco en perchado con efecto degradé en tintoreria, cordón en chompa con puntera neolítica.",taxable,parent,1,,,,,,,,TOPS Y CAMISETAS,,,,,Talla,"S,M,L",1,,M,color,"LILA, NARANJA",1,1,
19003SL,variation,,CHALECO DEGRADÉ LILA - S,1,,visible,,,taxable,parent,1,4,,,,,,68000,TOPS Y CAMISETAS,,,,,Talla,S,,,,color,LILA,,,
19003ML,variation,,CHALECO DEGRADÉ LILA - M,1,,visible,,,taxable,parent,1,4,,,,,,68000,TOPS Y CAMISETAS,,,,,Talla,M,,,,color,LILA,,,
19003LL,variation,,CHALECO DEGRADÉ LILA - L,1,,visible,,,taxable,parent,1,4,,,,,,68000,TOPS Y CAMISETAS,,,,,Talla,L,,,,color,LILA,,,
19003SNJ,variation,,CHALECO DEGRADÉ NARANJA - S,1,,visible,,,taxable,parent,1,4,,,,,,68000,TOPS Y CAMISETAS,,,,,Talla,S,,,,,,,,
19003MNJ,variation,,CHALECO DEGRADÉ NARANJA - M,1,,visible,,,taxable,parent,1,4,,,,,,68000,TOPS Y CAMISETAS,,,,,Talla,M,,,,color,NARANJA,,,
19003LNJ,variation,,CHALECO DEGRADÉ NARANJA - L,1,,visible,,,taxable,parent,1,4,,,,,,68000,TOPS Y CAMISETAS,,,,,Talla,L,,,,color,NARANJA,,,
20002,variable,,FALDA DEGRADÉ,1,,visible,,"Falda en perchado con efecto degradé en tintoreria, cordón en chompa con puntera neolítica, bolsillos en costados y elástico en cintura.",taxable,parent,1,,,,,,,,SHORT Y PANTALON,,,,,Talla,"S,M,L",1,,M,color,"LILA, NARANJA",1,1,
20002SL,variation,,FALDA DEGRADÉ LILA - S,1,,visible,,,taxable,parent,1,4,,,,,,62000,SHORT Y PANTALON,,,,,Talla,S,,,,color,LILA,,,
20002ML,variation,,FALDA DEGRADÉ LILA - M,1,,visible,,,taxable,parent,1,4,,,,,,62000,SHORT Y PANTALON,,,,,Talla,,,,,color,,,,
20002LL,variation,,FALDA DEGRADÉ LILA - L,1,,visible,,,taxable,parent,1,4,,,,,,62000,SHORT Y PANTALON,,,,,Talla,L,,,,color,LILA,,,
20002SNJ,variation,,FALDA DEGRADÉ NARANJA - S,1,,visible,,,taxable,parent,1,4,,,,,,62000,SHORT Y PANTALON,,,,,Talla,S,,,,color,,,,
20002MNJ,variation,,FALDA DEGRADÉ NARANJA - M,1,,visible,,,taxable,parent,1,4,,,,,,62000,SHORT Y PANTALON,,,,,Talla,M,,,,color,NARANJA,,,
20002LNJ,variation,,FALDA DEGRADÉ NARANJA - L,1,,visible,,,taxable,parent,1,4,,,,,,62000,SHORT Y PANTALON,,,,,Talla,L,,,,color,NARANJA,,,
12009,variable,,CROP CUELLO ALTO BURDA,1,,visible,,,taxable,parent,1,,,,,,,,TOPS Y CAMISETAS,,,,,Talla,"S,M,L",1,,M,color,"VERDE, ROSA, NEGRO, GRIS",1,1,
12009SV,variation,,CROP CUELLO ALTO BURDA VERDE - S,1,,visible,,,taxable,parent,1,3,,,,,,48000,TOPS Y CAMISETAS,,,,,Talla,S,,,,color,VERDE,,,
12009MV,variation,,CROP CUELLO ALTO BURDA VERDE - M,1,,visible,,,taxable,parent,1,3,,,,,,48000,TOPS Y CAMISETAS,,,,,Talla,M,,,,color,VERDE,,,
12009LV,variation,,CROP CUELLO ALTO BURDA VERDE - L,1,,visible,,,taxable,parent,1,3,,,,,,48000,TOPS Y CAMISETAS,,,,,Talla,L,,,,color,VERDE,,,
12009SR,variation,,CROP CUELLO ALTO BURDA ROSA - S,1,,visible,,,taxable,parent,1,3,,,,,,48000,TOPS Y CAMISETAS,,,,,Talla,S,,,,color,ROSA,,,
12009MR,variation,,CROP CUELLO ALTO BURDA ROSA - M,1,,visible,,,taxable,parent,1,3,,,,,,48000,TOPS Y CAMISETAS,,,,,Talla,M,,,,color,ROSA,,,
12009LR,variation,,CROP CUELLO ALTO BURDA ROSA - L,1,,visible,,,taxable,parent,1,3,,,,,,48000,TOPS Y CAMISETAS,,,,,Talla,L,,,,color,ROSA,,,
12009SN,variation,,CROP CUELLO ALTO BURDA NEGRO - S,1,,visible,,,taxable,parent,1,3,,,,,,48000,TOPS Y CAMISETAS,,,,,Talla,S,,,,color,NEGRO,,,
12009MN,variation,,CROP CUELLO ALTO BURDA NEGRO - M,1,,visible,,,taxable,parent,1,3,,,,,,48000,TOPS Y CAMISETAS,,,,,Talla,M,,,,color,NEGRO,,,
12009LN,variation,,CROP CUELLO ALTO BURDA NEGRO - L,1,,visible,,,taxable,parent,1,3,,,,,,48000,TOPS Y CAMISETAS,,,,,Talla,L,,,,color,NEGRO,,,
12009SG,variation,,CROP CUELLO ALTO BURDA GRIS - S,1,,visible,,,taxable,parent,1,3,,,,,,48000,TOPS Y CAMISETAS,,,,,Talla,S,,,,color,GRIS,,,
12009MG,variation,,CROP CUELLO ALTO BURDA GRIS - M,1,,visible,,,taxable,parent,1,3,,,,,,48000,TOPS Y CAMISETAS,,,,,Talla,M,,,,color,GRIS,,,
12009LG,variation,,CROP CUELLO ALTO BURDA GRIS - L,1,,visible,,,taxable,parent,1,3,,,,,,75000,TOPS Y CAMISETAS,,,,,Talla,L,,,,color,GRIS,,,
16014,variable,,SUDADERA VENA BURDA,1,,visible,,"Sudadera en burda con vena en bota delantero, bolsillos en costados, cordón con  puntera neolítica y elástico en cintura.",taxable,parent,1,,,,,,,,SHORT Y PANTALON,,,,,Talla,"S,M,L",1,,M,color,"VERDE, ROSA, NEGRO, GRIS",1,1,
16014SV,variation,,SUDADERA VENA BURDA VERDE - S,1,,visible,,,taxable,parent,1,3,,,,,,75000,SHORT Y PANTALON,,,,,Talla,S,,,,color,VERDE,,,
16014MV,variation,,SUDADERA VENA BURDA VERDE - M,1,,visible,,,taxable,parent,1,3,,,,,,75000,SHORT Y PANTALON,,,,,Talla,M,,,,color,VERDE,,,
16014LV,variation,,SUDADERA VENA BURDA VERDE - L,1,,visible,,,taxable,parent,1,3,,,,,,75000,SHORT Y PANTALON,,,,,Talla,L,,,,color,VERDE,,,
16014SR,variation,,SUDADERA VENA BURDA ROSA - S,1,,visible,,,taxable,parent,1,3,,,,,,75000,SHORT Y PANTALON,,,,,Talla,S,,,,color,ROSA,,,
16014MR,variation,,SUDADERA VENA BURDA ROSA - M,1,,visible,,,taxable,parent,1,3,,,,,,75000,SHORT Y PANTALON,,,,,Talla,M,,,,color,ROSA,,,
16014LR,variation,,SUDADERA VENA BURDA ROSA - L,1,,visible,,,taxable,parent,1,3,,,,,,75000,SHORT Y PANTALON,,,,,Talla,L,,,,color,ROSA,,,
16014SN,variation,,SUDADERA VENA BURDA NEGRO - S,1,,visible,,,taxable,parent,1,3,,,,,,75000,SHORT Y PANTALON,,,,,Talla,S,,,,color,NEGRO,,,
16014MN,variation,,SUDADERA VENA BURDA NEGRO - M,1,,visible,,,taxable,parent,1,3,,,,,,75000,SHORT Y PANTALON,,,,,Talla,M,,,,color,NEGRO,,,
16014LN,variation,,SUDADERA VENA BURDA NEGRO - L,1,,visible,,,taxable,parent,1,3,,,,,,75000,SHORT Y PANTALON,,,,,Talla,L,,,,color,NEGRO,,,
16014SG,variation,,SUDADERA VENA BURDA GRIS - S,1,,visible,,,taxable,parent,1,3,,,,,,75000,SHORT Y PANTALON,,,,,Talla,S,,,,color,GRIS,,,
16014MG,variation,,SUDADERA VENA BURDA GRIS - M,1,,visible,,,taxable,parent,1,3,,,,,,75000,SHORT Y PANTALON,,,,,Talla,M,,,,color,GRIS,,,
16014LG,variation,,SUDADERA VENA BURDA GRIS - L,1,,visible,,,taxable,parent,1,3,,,,,,75000,SHORT Y PANTALON,,,,,Talla,L,,,,color,GRIS,,,
13031,variable,,GABAN BURDA,1,,visible,,"Gaban en burda, con solapa y cuello, cinturos y elastico para enmarcar cintura",taxable,parent,1,,,,,,,,BUZOS Y CHOMPAS,,,,,Talla,"S,M,L",1,,M,color,"VERDE, BEIGE, NEGRO, GRIS",1,1,
13031SV,variation,,GABAN BURDA VERDE - S,1,,visible,,,taxable,parent,1,2,,,,,,95000,BUZOS Y CHOMPAS,,,,,Talla,S,,,,color,VERDE,,,
13031MV,variation,,GABAN BURDA VERDE - M,1,,visible,,,taxable,parent,1,2,,,,,,95000,BUZOS Y CHOMPAS,,,,,Talla,M,,,,color,VERDE,,,
13031LV,variation,,GABAN BURDA VERDE - L,1,,visible,,,taxable,parent,1,2,,,,,,95000,BUZOS Y CHOMPAS,,,,,Talla,L,,,,color,VERDE,,,
13031SB,variation,,GABAN BURDA BEIGE - S,1,,visible,,,taxable,parent,1,2,,,,,,95000,BUZOS Y CHOMPAS,,,,,Talla,S,,,,color,BEIGE,,,
13031MB,variation,,GABAN BURDA BEIGE - M,1,,visible,,,taxable,parent,1,2,,,,,,95000,BUZOS Y CHOMPAS,,,,,Talla,M,,,,color,BEIGE,,,
13031LB,variation,,GABAN BURDA BEIGE - L,1,,visible,,,taxable,parent,1,2,,,,,,95000,BUZOS Y CHOMPAS,,,,,Talla,L,,,,color,BEIGE,,,
13031SN,variation,,GABAN BURDA NEGRO - S,1,,visible,,,taxable,parent,1,2,,,,,,95000,BUZOS Y CHOMPAS,,,,,Talla,S,,,,color,NEGRO,,,
13031MN,variation,,GABAN BURDA NEGRO - M,1,,visible,,,taxable,parent,1,2,,,,,,95000,BUZOS Y CHOMPAS,,,,,Talla,M,,,,color,NEGRO,,,
13031LN,variation,,GABAN BURDA NEGRO - L,1,,visible,,,taxable,parent,1,2,,,,,,95000,BUZOS Y CHOMPAS,,,,,Talla,L,,,,color,NEGRO,,,
13031SG,variation,,GABAN BURDA GRIS - S,1,,visible,,,taxable,parent,1,2,,,,,,95000,BUZOS Y CHOMPAS,,,,,Talla,S,,,,color,GRIS,,,
13031SG,variation,,GABAN BURDA GRIS - M,1,,visible,,,taxable,parent,1,2,,,,,,95000,BUZOS Y CHOMPAS,,,,,Talla,M,,,,color,GRIS,,,
13031SG,variation,,GABAN BURDA GRIS - L,1,,visible,,,taxable,parent,1,2,,,,,,95000,BUZOS Y CHOMPAS,,,,,Talla,L,,,,color,GRIS,,,
11023,variable,,CROP BÁSICO POLEMIK,1,,visible,,Crop básico en algodón con estampado alto relieve en frente.,taxable,parent,1,,,,,,,,TOPS Y CAMISETAS,,,,,Talla,"S,M,L",1,,M,color,"VERDE, ROSA, GRIS, AMARILLO, BLANCO",1,1,
11023SV,variation,,CROP BÁSICO POLEMIK VERDE - S,1,,visible,,,taxable,parent,1,6,,,,,,50000,TOPS Y CAMISETAS,,,,,Talla,S,,,,color,VERDE,,,
11023MV,variation,,CROP BÁSICO POLEMIK VERDE - M,1,,visible,,,taxable,parent,1,6,,,,,,50000,TOPS Y CAMISETAS,,,,,Talla,M,,,,color,VERDE,,,
11023LV,variation,,CROP BÁSICO POLEMIK VERDE - L,1,,visible,,,taxable,parent,1,6,,,,,,50000,TOPS Y CAMISETAS,,,,,Talla,L,,,,color,VERDE,,,
11023SR,variation,,CROP BÁSICO POLEMIK ROSA - S,1,,visible,,,taxable,parent,1,6,,,,,,50000,TOPS Y CAMISETAS,,,,,Talla,S,,,,color,ROSA,,,
11023MR,variation,,CROP BÁSICO  POLEMIK ROSA - M,1,,visible,,,taxable,parent,1,6,,,,,,50000,TOPS Y CAMISETAS,,,,,Talla,M,,,,color,ROSA,,,
11023LR,variation,,CROP BÁSICO POLEMIK ROSA - L,1,,visible,,,taxable,parent,1,6,,,,,,50000,TOPS Y CAMISETAS,,,,,Talla,L,,,,color,ROSA,,,
11023SG,variation,,CROP BÁSICO POLEMIK GRIS - S,1,,visible,,,taxable,parent,1,6,,,,,,50000,TOPS Y CAMISETAS,,,,,Talla,S,,,,color,GRIS,,,
11023MG,variation,,CROP BÁSICO POLEMIK GRIS - M,1,,visible,,,taxable,parent,1,6,,,,,,50000,TOPS Y CAMISETAS,,,,,Talla,M,,,,color,GRIS,,,
11023LG,variation,,CROP BÁSICO POLEMIK GRIS - L,1,,visible,,,taxable,parent,1,6,,,,,,50000,TOPS Y CAMISETAS,,,,,Talla,L,,,,color,GRIS,,,
11023SA,variation,,CROP BÁSICO POLEMIK AMARILLO - S,1,,visible,,,taxable,parent,1,6,,,,,,50000,TOPS Y CAMISETAS,,,,,Talla,S,,,,color,AMARILLO,,,
11023MA,variation,,CROP BÁSICO POLEMIK AMARILLO - M,1,,visible,,,taxable,parent,1,6,,,,,,50000,TOPS Y CAMISETAS,,,,,Talla,M,,,,color,AMARILLO,,,
11023LA,variation,,CROP BÁSICO POLEMIK AMARILLO - L,1,,visible,,,taxable,parent,1,6,,,,,,50000,TOPS Y CAMISETAS,,,,,Talla,L,,,,color,AMARILLO,,,
11023SB,variation,,CROP BÁSICO POLEMIK BLANCO- S,1,,visible,,,taxable,parent,1,4,,,,,,50000,TOPS Y CAMISETAS,,,,,Talla,S,,,,color,BLANCO,,,
11023MB,variation,,CROP BÁSICO POLEMIK BLANCO- M,1,,visible,,,taxable,parent,1,4,,,,,,50000,TOPS Y CAMISETAS,,,,,Talla,M,,,,color,BLANCO,,,
11023LB,variation,,CROP BÁSICO POLEMIK BLANCO- L,1,,visible,,,taxable,parent,1,4,,,,,,50000,TOPS Y CAMISETAS,,,,,Talla,L,,,,color,BLANCO,,,